ID,Name,Image-url,Image-tag
186,ImageGroup186,"https://images.freeimages.com/images/premium/small-comps/1186/11867766-chrysanthemum.jpg, https://images.freeimages.com/images/premium/small-comps/5919/5919273-bouquet-of-yellow-tulips-in-vase.jpg","<ul class=""thumbnail-rowgrid thumbnail-rowgrid-lg clearfix"">
    
    <li class=""item"">
        <a href=""/premium/red-alstroemeria-flowers-323998"" id=""premium_thumb_6311057"" title=""Red Alstroemeria flowers"">
            <img src=""https://images.freeimages.com/images/premium/small-comps/6311/6311057-red-alstroemeria-flowers.jpg"" alt=""Vase, Flower, Lily, Alstroemeria, Bouquet, Springtime, Vertical, Macro, ..."" width=""159"" height=""240"" />
        </a>
    </li>
    
    <li class=""item"">
        <a href=""/premium/dahlia-and-zinnia-bouquet-on-a-white-background-2143089"" id=""premium_thumb_8177581"" title=""Dahlia and Zinnia bouquet on a white background"">
            <img src=""https://images.freeimages.com/images/premium/small-comps/8177/8177581-dahlia-and-zinnia-bouquet-on-a-white-background.jpg"" alt=""Zinnia, Dahlia, Vase, Flower, Bouquet, Multi Colored, Isolated ..."" width=""205"" height=""240"" />
        </a>
    </li>
    
    <li class=""item"">
        <a href=""/premium/happiness-145286"" id=""premium_thumb_2832023"" title=""Happiness"">
            <img src=""https://images.freeimages.com/images/premium/small-comps/2832/2832023-happiness.jpg"" alt=""Sunflower, Vase, Bouquet, Flower, Seed, Yellow, Medicine And ..."" width=""163"" height=""240"" />
        </a>
    </li>
    
    <li class=""item"">
        <a href=""/premium/beautiful-pink-flowers-at-green-field-1992984"" id=""premium_thumb_46379850"" title=""Beautiful pink flowers at green field."">
            <img src=""https://images.freeimages.com/images/premium/small-comps/4637/46379850-beautiful-pink-flowers-at-green-field.jpg"" alt=""Gardening, Chrysanthemum, Daisy, Dahlia, Campanula, Plant, Fragility, Outdoors, ..."" width=""360"" height=""240"" />
        </a>
    </li>
</ul>"
187,ImageGroup187,https://images.freeimages.com/images/premium/small-comps/2477/24774777-cake-with-hazelnuts.jpg,"<ul class=""thumbnail-rowgrid thumbnail-rowgrid-lg clearfix"">
    
    <li class=""item"">
        <a href=""/premium/strudel-dough-1782026"" id=""premium_thumb_28037410"" title=""Strudel dough"">
            <img src=""https://images.freeimages.com/images/premium/small-comps/2803/28037410-strudel-dough.jpg"" alt=""Recipe, Biscuit, Baking, Dough, Meal, Spreading, Gourmet, Healthy ..."" width=""360"" height=""240"" />
        </a>
    </li>
    
    <li class=""item"">
        <a href=""/premium/liver-baked-with-mushrooms-bacon-and-herbs-757821"" id=""premium_thumb_59923490"" title=""Liver baked with mushrooms, bacon and herbs"">
            <img src=""https://images.freeimages.com/images/premium/small-comps/5992/59923490-liver-baked-with-mushrooms-bacon-and-herbs.jpg"" alt=""Recipe, Dinner, Lunch, Appetizer, Spice, Vitamin, Healthy Lifestyle, ..."" width=""240"" height=""240"" />
        </a>
    </li>
</ul>"
